,actual %,reconstructed %,error (pts),board
CU,2.480472947771317,2.561758493227839,0.081285545456522,University of Colorado System
CSU,2.3185149376848457,1.79520013685599,-0.5233148008288557,Colorado State University System
CCCS,2.4704050329642735,2.682593041219228,0.21218800825495432,Colorado Community College System
MSU,3.3648622472508327,3.9997756004288787,0.634913353178046,Metropolitan State University of Denver
UNC,2.2483126290219424,2.6156826703753078,0.3673700413533654,University of Northern Colorado
CMU,2.3642682559094297,2.3807514800153085,0.01648322410587877,Colorado Mesa University
CSM,2.930108307473489,2.736212135007321,-0.19389617246616808,Colorado School of Mines
FLC,2.795943814127133,2.284897781812245,-0.511046032314888,Fort Lewis College
WCU,2.031665121788717,1.9561852961731852,-0.07547982561553201,Western Colorado University
ASU,1.9833487419087081,0.82878485355391,-1.1545638883547982,Adams State University
